{
  "export_version": "0.060",
  "framed_nodes": {},
  "groups": {},
  "nodes": {
    "Circle": {
      "bl_idname": "SvCircleNode",
      "color": [
        0.0,
        0.5,
        0.5
      ],
      "height": 100.0,
      "hide": false,
      "label": "",
      "location": [
        -567.3206787109375,
        102.08956909179688
      ],
      "params": {
        "degr_": 6.2831854820251465,
        "rad_": 0.5,
        "vert_": 4
      },
      "width": 140.0
    },
    "Generative Art": {
      "bl_idname": "SvGenerativeArtNode",
      "color": [
        0.6079999804496765,
        0.6079999804496765,
        0.6079999804496765
      ],
      "height": 100.0,
      "hide": false,
      "label": "",
      "location": [
        -293.01177978515625,
        97.63150024414062
      ],
      "params": {
        "filename": "Nouveau",
        "maxmats": 5000,
        "rseed": 18
      },
      "width": 140.0
    },
    "Viewer Draw2": {
      "bl_idname": "ViewerNode2",
      "color": [
        1.0,
        0.30000001192092896,
        0.0
      ],
      "height": 100.0,
      "hide": false,
      "label": "",
      "location": [
        -36.515167236328125,
        87.82376861572266
      ],
      "params": {
        "activate": 1
      },
      "width": 140.0
    }
  },
  "update_lists": [
    [
      "Circle",
      "Vertices",
      "Generative Art",
      "Vertices"
    ],
    [
      "Generative Art",
      "Vertices",
      "Viewer Draw2",
      "vertices"
    ],
    [
      "Generative Art",
      "Faces",
      "Viewer Draw2",
      "edg_pol"
    ]
  ]
}